timeStamp,elapsed,label,responseCode,responseMessage,threadName,dataType,success,failureMessage,bytes,sentBytes,grpThreads,allThreads,URL,Latency,IdleTime,Connect
1777990952672,1343,Config 1,200,OK,Thread Group 1-1,text,false,"The operation lasted too long: It took 1,343 milliseconds, but should not have lasted longer than 870 milliseconds.",231,159,8,8,http://localhost:8080/?token=518477805&user=-1355099300&config=1,1336,0,5
1777990952785,1323,Config 1,200,OK,Thread Group 1-2,text,false,"The operation lasted too long: It took 1,323 milliseconds, but should not have lasted longer than 870 milliseconds.",231,159,8,8,http://localhost:8080/?token=518477805&user=-1355099300&config=1,1323,0,0
1777990952933,1326,Config 1,200,OK,Thread Group 1-3,text,false,"The operation lasted too long: It took 1,326 milliseconds, but should not have lasted longer than 870 milliseconds.",231,159,8,8,http://localhost:8080/?token=518477805&user=-1355099300&config=1,1326,0,1
1777990953079,1328,Config 1,200,OK,Thread Group 1-4,text,false,"The operation lasted too long: It took 1,328 milliseconds, but should not have lasted longer than 870 milliseconds.",231,159,8,8,http://localhost:8080/?token=518477805&user=-1355099300&config=1,1328,0,1
1777990953222,1326,Config 1,200,OK,Thread Group 1-5,text,false,"The operation lasted too long: It took 1,326 milliseconds, but should not have lasted longer than 870 milliseconds.",231,159,8,8,http://localhost:8080/?token=518477805&user=-1355099300&config=1,1326,0,1
1777990953368,1328,Config 1,200,OK,Thread Group 1-6,text,false,"The operation lasted too long: It took 1,328 milliseconds, but should not have lasted longer than 870 milliseconds.",231,159,8,8,http://localhost:8080/?token=518477805&user=-1355099300&config=1,1328,0,0
1777990953509,1327,Config 1,200,OK,Thread Group 1-7,text,false,"The operation lasted too long: It took 1,327 milliseconds, but should not have lasted longer than 870 milliseconds.",231,159,8,8,http://localhost:8080/?token=518477805&user=-1355099300&config=1,1327,0,1
1777990953642,1326,Config 1,200,OK,Thread Group 1-8,text,false,"The operation lasted too long: It took 1,326 milliseconds, but should not have lasted longer than 870 milliseconds.",231,159,8,8,http://localhost:8080/?token=518477805&user=-1355099300&config=1,1326,0,0
1777990964653,910,Config 2,200,OK,Thread Group 1-1,text,false,"The operation lasted too long: It took 910 milliseconds, but should not have lasted longer than 870 milliseconds.",231,159,8,8,http://localhost:8080/?token=518477805&user=-1355099300&config=2,910,0,0
1777990964788,910,Config 2,200,OK,Thread Group 1-2,text,false,"The operation lasted too long: It took 910 milliseconds, but should not have lasted longer than 870 milliseconds.",231,159,8,8,http://localhost:8080/?token=518477805&user=-1355099300&config=2,910,0,0
1777990964937,910,Config 2,200,OK,Thread Group 1-3,text,false,"The operation lasted too long: It took 910 milliseconds, but should not have lasted longer than 870 milliseconds.",231,159,8,8,http://localhost:8080/?token=518477805&user=-1355099300&config=2,909,0,0
1777990965083,912,Config 2,200,OK,Thread Group 1-4,text,false,"The operation lasted too long: It took 912 milliseconds, but should not have lasted longer than 870 milliseconds.",231,159,8,8,http://localhost:8080/?token=518477805&user=-1355099300&config=2,912,0,0
1777990965225,912,Config 2,200,OK,Thread Group 1-5,text,false,"The operation lasted too long: It took 912 milliseconds, but should not have lasted longer than 870 milliseconds.",231,159,8,8,http://localhost:8080/?token=518477805&user=-1355099300&config=2,912,0,0
1777990965373,913,Config 2,200,OK,Thread Group 1-6,text,false,"The operation lasted too long: It took 913 milliseconds, but should not have lasted longer than 870 milliseconds.",231,159,8,8,http://localhost:8080/?token=518477805&user=-1355099300&config=2,913,0,0
1777990965512,914,Config 2,200,OK,Thread Group 1-7,text,false,"The operation lasted too long: It took 914 milliseconds, but should not have lasted longer than 870 milliseconds.",231,159,8,8,http://localhost:8080/?token=518477805&user=-1355099300&config=2,914,0,0
1777990965642,913,Config 2,200,OK,Thread Group 1-8,text,false,"The operation lasted too long: It took 913 milliseconds, but should not have lasted longer than 870 milliseconds.",231,159,8,8,http://localhost:8080/?token=518477805&user=-1355099300&config=2,913,0,0
1777990976652,514,Config 3,200,OK,Thread Group 1-1,text,true,,231,159,8,8,http://localhost:8080/?token=518477805&user=-1355099300&config=3,514,0,0
1777990976789,510,Config 3,200,OK,Thread Group 1-2,text,true,,231,159,8,8,http://localhost:8080/?token=518477805&user=-1355099300&config=3,510,0,0
1777990976937,512,Config 3,200,OK,Thread Group 1-3,text,true,,231,159,8,8,http://localhost:8080/?token=518477805&user=-1355099300&config=3,512,0,0
1777990977079,510,Config 3,200,OK,Thread Group 1-4,text,true,,231,159,8,8,http://localhost:8080/?token=518477805&user=-1355099300&config=3,510,0,0
1777990977227,511,Config 3,200,OK,Thread Group 1-5,text,true,,231,159,8,8,http://localhost:8080/?token=518477805&user=-1355099300&config=3,511,0,0
1777990977370,513,Config 3,200,OK,Thread Group 1-6,text,true,,231,159,8,8,http://localhost:8080/?token=518477805&user=-1355099300&config=3,513,0,0
1777990977512,514,Config 3,200,OK,Thread Group 1-7,text,true,,231,159,8,8,http://localhost:8080/?token=518477805&user=-1355099300&config=3,514,0,0
1777990977640,514,Config 3,200,OK,Thread Group 1-8,text,true,,231,159,8,8,http://localhost:8080/?token=518477805&user=-1355099300&config=3,514,0,0
1777990988649,1308,Config 1,200,OK,Thread Group 1-1,text,false,"The operation lasted too long: It took 1,308 milliseconds, but should not have lasted longer than 870 milliseconds.",231,159,8,8,http://localhost:8080/?token=518477805&user=-1355099300&config=1,1308,0,0
1777990988789,1310,Config 1,200,OK,Thread Group 1-2,text,false,"The operation lasted too long: It took 1,310 milliseconds, but should not have lasted longer than 870 milliseconds.",231,159,8,8,http://localhost:8080/?token=518477805&user=-1355099300&config=1,1310,0,0
1777990988935,1311,Config 1,200,OK,Thread Group 1-3,text,false,"The operation lasted too long: It took 1,311 milliseconds, but should not have lasted longer than 870 milliseconds.",231,159,8,8,http://localhost:8080/?token=518477805&user=-1355099300&config=1,1311,0,0
1777990989081,1310,Config 1,200,OK,Thread Group 1-4,text,false,"The operation lasted too long: It took 1,310 milliseconds, but should not have lasted longer than 870 milliseconds.",231,159,8,8,http://localhost:8080/?token=518477805&user=-1355099300&config=1,1310,0,0
1777990989223,1313,Config 1,200,OK,Thread Group 1-5,text,false,"The operation lasted too long: It took 1,313 milliseconds, but should not have lasted longer than 870 milliseconds.",231,159,8,8,http://localhost:8080/?token=518477805&user=-1355099300&config=1,1313,0,0
1777990989372,1312,Config 1,200,OK,Thread Group 1-6,text,false,"The operation lasted too long: It took 1,312 milliseconds, but should not have lasted longer than 870 milliseconds.",231,159,8,8,http://localhost:8080/?token=518477805&user=-1355099300&config=1,1312,0,0
1777990989510,1313,Config 1,200,OK,Thread Group 1-7,text,false,"The operation lasted too long: It took 1,313 milliseconds, but should not have lasted longer than 870 milliseconds.",231,159,8,8,http://localhost:8080/?token=518477805&user=-1355099300&config=1,1313,0,0
1777990989645,1313,Config 1,200,OK,Thread Group 1-8,text,false,"The operation lasted too long: It took 1,313 milliseconds, but should not have lasted longer than 870 milliseconds.",231,159,8,8,http://localhost:8080/?token=518477805&user=-1355099300&config=1,1313,0,0
1777991000650,915,Config 2,200,OK,Thread Group 1-1,text,false,"The operation lasted too long: It took 915 milliseconds, but should not have lasted longer than 870 milliseconds.",231,159,8,8,http://localhost:8080/?token=518477805&user=-1355099300&config=2,915,0,0
1777991000789,910,Config 2,200,OK,Thread Group 1-2,text,false,"The operation lasted too long: It took 910 milliseconds, but should not have lasted longer than 870 milliseconds.",231,159,8,8,http://localhost:8080/?token=518477805&user=-1355099300&config=2,910,0,0
1777991000937,910,Config 2,200,OK,Thread Group 1-3,text,false,"The operation lasted too long: It took 910 milliseconds, but should not have lasted longer than 870 milliseconds.",231,159,8,8,http://localhost:8080/?token=518477805&user=-1355099300&config=2,910,0,0
1777991001080,910,Config 2,200,OK,Thread Group 1-4,text,false,"The operation lasted too long: It took 910 milliseconds, but should not have lasted longer than 870 milliseconds.",231,159,8,8,http://localhost:8080/?token=518477805&user=-1355099300&config=2,910,0,0
1777991001224,912,Config 2,200,OK,Thread Group 1-5,text,false,"The operation lasted too long: It took 912 milliseconds, but should not have lasted longer than 870 milliseconds.",231,159,8,8,http://localhost:8080/?token=518477805&user=-1355099300&config=2,912,0,0
1777991001371,914,Config 2,200,OK,Thread Group 1-6,text,false,"The operation lasted too long: It took 914 milliseconds, but should not have lasted longer than 870 milliseconds.",231,159,8,8,http://localhost:8080/?token=518477805&user=-1355099300&config=2,914,0,0
1777991001511,912,Config 2,200,OK,Thread Group 1-7,text,false,"The operation lasted too long: It took 912 milliseconds, but should not have lasted longer than 870 milliseconds.",231,159,8,8,http://localhost:8080/?token=518477805&user=-1355099300&config=2,912,0,0
1777991001641,914,Config 2,200,OK,Thread Group 1-8,text,false,"The operation lasted too long: It took 914 milliseconds, but should not have lasted longer than 870 milliseconds.",231,159,8,8,http://localhost:8080/?token=518477805&user=-1355099300&config=2,914,0,0
1777991012650,514,Config 3,200,OK,Thread Group 1-1,text,true,,231,159,8,8,http://localhost:8080/?token=518477805&user=-1355099300&config=3,514,0,0
1777991012788,526,Config 3,200,OK,Thread Group 1-2,text,true,,231,159,8,8,http://localhost:8080/?token=518477805&user=-1355099300&config=3,526,0,4
1777991012936,525,Config 3,200,OK,Thread Group 1-3,text,true,,231,159,8,8,http://localhost:8080/?token=518477805&user=-1355099300&config=3,525,0,2
1777991013083,525,Config 3,200,OK,Thread Group 1-4,text,true,,231,159,8,8,http://localhost:8080/?token=518477805&user=-1355099300&config=3,525,0,1
1777991013224,525,Config 3,200,OK,Thread Group 1-5,text,true,,231,159,8,8,http://localhost:8080/?token=518477805&user=-1355099300&config=3,525,0,1
1777991013369,526,Config 3,200,OK,Thread Group 1-6,text,true,,231,159,8,8,http://localhost:8080/?token=518477805&user=-1355099300&config=3,526,0,2
1777991013512,525,Config 3,200,OK,Thread Group 1-7,text,true,,231,159,8,8,http://localhost:8080/?token=518477805&user=-1355099300&config=3,525,0,1
1777991013640,513,Config 3,200,OK,Thread Group 1-8,text,true,,231,159,8,8,http://localhost:8080/?token=518477805&user=-1355099300&config=3,513,0,0
1777991024653,1327,Config 1,200,OK,Thread Group 1-1,text,false,"The operation lasted too long: It took 1,327 milliseconds, but should not have lasted longer than 870 milliseconds.",231,159,8,8,http://localhost:8080/?token=518477805&user=-1355099300&config=1,1327,0,2
1777991024789,1311,Config 1,200,OK,Thread Group 1-2,text,false,"The operation lasted too long: It took 1,311 milliseconds, but should not have lasted longer than 870 milliseconds.",231,159,8,8,http://localhost:8080/?token=518477805&user=-1355099300&config=1,1311,0,0
1777991024937,1311,Config 1,200,OK,Thread Group 1-3,text,false,"The operation lasted too long: It took 1,311 milliseconds, but should not have lasted longer than 870 milliseconds.",231,159,8,8,http://localhost:8080/?token=518477805&user=-1355099300&config=1,1310,0,0
1777991025084,1311,Config 1,200,OK,Thread Group 1-4,text,false,"The operation lasted too long: It took 1,311 milliseconds, but should not have lasted longer than 870 milliseconds.",231,159,8,8,http://localhost:8080/?token=518477805&user=-1355099300&config=1,1311,0,0
1777991025226,1311,Config 1,200,OK,Thread Group 1-5,text,false,"The operation lasted too long: It took 1,311 milliseconds, but should not have lasted longer than 870 milliseconds.",231,159,8,8,http://localhost:8080/?token=518477805&user=-1355099300&config=1,1311,0,0
1777991025370,1314,Config 1,200,OK,Thread Group 1-6,text,false,"The operation lasted too long: It took 1,314 milliseconds, but should not have lasted longer than 870 milliseconds.",231,159,8,8,http://localhost:8080/?token=518477805&user=-1355099300&config=1,1314,0,0
1777991025513,1312,Config 1,200,OK,Thread Group 1-7,text,false,"The operation lasted too long: It took 1,312 milliseconds, but should not have lasted longer than 870 milliseconds.",231,159,8,8,http://localhost:8080/?token=518477805&user=-1355099300&config=1,1312,0,0
1777991025646,1326,Config 1,200,OK,Thread Group 1-8,text,false,"The operation lasted too long: It took 1,326 milliseconds, but should not have lasted longer than 870 milliseconds.",231,159,8,8,http://localhost:8080/?token=518477805&user=-1355099300&config=1,1326,0,1
1777991036651,913,Config 2,200,OK,Thread Group 1-1,text,false,"The operation lasted too long: It took 913 milliseconds, but should not have lasted longer than 870 milliseconds.",231,159,8,8,http://localhost:8080/?token=518477805&user=-1355099300&config=2,913,0,0
1777991036789,911,Config 2,200,OK,Thread Group 1-2,text,false,"The operation lasted too long: It took 911 milliseconds, but should not have lasted longer than 870 milliseconds.",231,159,8,8,http://localhost:8080/?token=518477805&user=-1355099300&config=2,911,0,0
1777991036936,911,Config 2,200,OK,Thread Group 1-3,text,false,"The operation lasted too long: It took 911 milliseconds, but should not have lasted longer than 870 milliseconds.",231,159,8,8,http://localhost:8080/?token=518477805&user=-1355099300&config=2,911,0,0
1777991037084,917,Config 2,200,OK,Thread Group 1-4,text,false,"The operation lasted too long: It took 917 milliseconds, but should not have lasted longer than 870 milliseconds.",231,159,8,8,http://localhost:8080/?token=518477805&user=-1355099300&config=2,916,0,0
1777991037228,916,Config 2,200,OK,Thread Group 1-5,text,false,"The operation lasted too long: It took 916 milliseconds, but should not have lasted longer than 870 milliseconds.",231,159,8,8,http://localhost:8080/?token=518477805&user=-1355099300&config=2,916,0,0
1777991037373,913,Config 2,200,OK,Thread Group 1-6,text,false,"The operation lasted too long: It took 913 milliseconds, but should not have lasted longer than 870 milliseconds.",231,159,8,8,http://localhost:8080/?token=518477805&user=-1355099300&config=2,913,0,0
1777991037513,912,Config 2,200,OK,Thread Group 1-7,text,false,"The operation lasted too long: It took 912 milliseconds, but should not have lasted longer than 870 milliseconds.",231,159,8,8,http://localhost:8080/?token=518477805&user=-1355099300&config=2,912,0,0
1777991037646,913,Config 2,200,OK,Thread Group 1-8,text,false,"The operation lasted too long: It took 913 milliseconds, but should not have lasted longer than 870 milliseconds.",231,159,8,8,http://localhost:8080/?token=518477805&user=-1355099300&config=2,913,0,0
1777991048652,510,Config 3,200,OK,Thread Group 1-1,text,true,,231,159,8,8,http://localhost:8080/?token=518477805&user=-1355099300&config=3,510,0,0
1777991048786,509,Config 3,200,OK,Thread Group 1-2,text,true,,231,159,8,8,http://localhost:8080/?token=518477805&user=-1355099300&config=3,509,0,0
1777991048936,510,Config 3,200,OK,Thread Group 1-3,text,true,,231,159,8,8,http://localhost:8080/?token=518477805&user=-1355099300&config=3,510,0,0
1777991049083,510,Config 3,200,OK,Thread Group 1-4,text,true,,231,159,8,8,http://localhost:8080/?token=518477805&user=-1355099300&config=3,509,0,0
1777991049225,510,Config 3,200,OK,Thread Group 1-5,text,true,,231,159,8,8,http://localhost:8080/?token=518477805&user=-1355099300&config=3,510,0,0
1777991049372,512,Config 3,200,OK,Thread Group 1-6,text,true,,231,159,8,8,http://localhost:8080/?token=518477805&user=-1355099300&config=3,512,0,0
1777991049508,511,Config 3,200,OK,Thread Group 1-7,text,true,,231,159,8,8,http://localhost:8080/?token=518477805&user=-1355099300&config=3,511,0,0
1777991049641,513,Config 3,200,OK,Thread Group 1-8,text,true,,231,159,8,8,http://localhost:8080/?token=518477805&user=-1355099300&config=3,513,0,0
1777991060651,1324,Config 1,200,OK,Thread Group 1-1,text,false,"The operation lasted too long: It took 1,324 milliseconds, but should not have lasted longer than 870 milliseconds.",231,159,8,8,http://localhost:8080/?token=518477805&user=-1355099300&config=1,1324,0,0
1777991060788,1309,Config 1,200,OK,Thread Group 1-2,text,false,"The operation lasted too long: It took 1,309 milliseconds, but should not have lasted longer than 870 milliseconds.",231,159,8,8,http://localhost:8080/?token=518477805&user=-1355099300&config=1,1309,0,0
1777991060938,1312,Config 1,200,OK,Thread Group 1-3,text,false,"The operation lasted too long: It took 1,312 milliseconds, but should not have lasted longer than 870 milliseconds.",231,159,8,8,http://localhost:8080/?token=518477805&user=-1355099300&config=1,1312,0,0
1777991061084,1309,Config 1,200,OK,Thread Group 1-4,text,false,"The operation lasted too long: It took 1,309 milliseconds, but should not have lasted longer than 870 milliseconds.",231,159,8,8,http://localhost:8080/?token=518477805&user=-1355099300&config=1,1309,0,0
1777991061226,1310,Config 1,200,OK,Thread Group 1-5,text,false,"The operation lasted too long: It took 1,310 milliseconds, but should not have lasted longer than 870 milliseconds.",231,159,8,8,http://localhost:8080/?token=518477805&user=-1355099300&config=1,1310,0,0
1777991061370,1312,Config 1,200,OK,Thread Group 1-6,text,false,"The operation lasted too long: It took 1,312 milliseconds, but should not have lasted longer than 870 milliseconds.",231,159,8,8,http://localhost:8080/?token=518477805&user=-1355099300&config=1,1312,0,0
1777991061512,1313,Config 1,200,OK,Thread Group 1-7,text,false,"The operation lasted too long: It took 1,313 milliseconds, but should not have lasted longer than 870 milliseconds.",231,159,8,8,http://localhost:8080/?token=518477805&user=-1355099300&config=1,1313,0,0
1777991061646,1314,Config 1,200,OK,Thread Group 1-8,text,false,"The operation lasted too long: It took 1,314 milliseconds, but should not have lasted longer than 870 milliseconds.",231,159,8,8,http://localhost:8080/?token=518477805&user=-1355099300&config=1,1314,0,0
1777991072652,908,Config 2,200,OK,Thread Group 1-1,text,false,"The operation lasted too long: It took 908 milliseconds, but should not have lasted longer than 870 milliseconds.",231,159,8,8,http://localhost:8080/?token=518477805&user=-1355099300&config=2,908,0,0
1777991072787,909,Config 2,200,OK,Thread Group 1-2,text,false,"The operation lasted too long: It took 909 milliseconds, but should not have lasted longer than 870 milliseconds.",231,159,8,8,http://localhost:8080/?token=518477805&user=-1355099300&config=2,909,0,0
1777991072935,910,Config 2,200,OK,Thread Group 1-3,text,false,"The operation lasted too long: It took 910 milliseconds, but should not have lasted longer than 870 milliseconds.",231,159,8,8,http://localhost:8080/?token=518477805&user=-1355099300&config=2,910,0,0
1777991073079,911,Config 2,200,OK,Thread Group 1-4,text,false,"The operation lasted too long: It took 911 milliseconds, but should not have lasted longer than 870 milliseconds.",231,159,8,8,http://localhost:8080/?token=518477805&user=-1355099300&config=2,911,0,0
1777991073226,925,Config 2,200,OK,Thread Group 1-5,text,false,"The operation lasted too long: It took 925 milliseconds, but should not have lasted longer than 870 milliseconds.",231,159,8,8,http://localhost:8080/?token=518477805&user=-1355099300&config=2,925,0,2
1777991073372,926,Config 2,200,OK,Thread Group 1-6,text,false,"The operation lasted too long: It took 926 milliseconds, but should not have lasted longer than 870 milliseconds.",231,159,8,8,http://localhost:8080/?token=518477805&user=-1355099300&config=2,926,0,1
1777991073512,924,Config 2,200,OK,Thread Group 1-7,text,false,"The operation lasted too long: It took 924 milliseconds, but should not have lasted longer than 870 milliseconds.",231,159,8,8,http://localhost:8080/?token=518477805&user=-1355099300&config=2,924,0,1
1777991073644,915,Config 2,200,OK,Thread Group 1-8,text,false,"The operation lasted too long: It took 915 milliseconds, but should not have lasted longer than 870 milliseconds.",231,159,8,8,http://localhost:8080/?token=518477805&user=-1355099300&config=2,915,0,0
1777991084651,509,Config 3,200,OK,Thread Group 1-1,text,true,,231,159,8,8,http://localhost:8080/?token=518477805&user=-1355099300&config=3,509,0,0
1777991084790,523,Config 3,200,OK,Thread Group 1-2,text,true,,231,159,8,8,http://localhost:8080/?token=518477805&user=-1355099300&config=3,523,0,1
1777991084933,523,Config 3,200,OK,Thread Group 1-3,text,true,,231,159,8,8,http://localhost:8080/?token=518477805&user=-1355099300&config=3,523,0,1
1777991085081,523,Config 3,200,OK,Thread Group 1-4,text,true,,231,159,8,8,http://localhost:8080/?token=518477805&user=-1355099300&config=3,523,0,2
1777991085228,510,Config 3,200,OK,Thread Group 1-5,text,true,,231,159,8,8,http://localhost:8080/?token=518477805&user=-1355099300&config=3,510,0,0
1777991085371,513,Config 3,200,OK,Thread Group 1-6,text,true,,231,159,8,8,http://localhost:8080/?token=518477805&user=-1355099300&config=3,513,0,0
1777991085512,513,Config 3,200,OK,Thread Group 1-7,text,true,,231,159,8,8,http://localhost:8080/?token=518477805&user=-1355099300&config=3,512,0,0
1777991085641,513,Config 3,200,OK,Thread Group 1-8,text,true,,231,159,8,8,http://localhost:8080/?token=518477805&user=-1355099300&config=3,513,0,0
1777991096651,1324,Config 1,200,OK,Thread Group 1-1,text,false,"The operation lasted too long: It took 1,324 milliseconds, but should not have lasted longer than 870 milliseconds.",231,159,8,8,http://localhost:8080/?token=518477805&user=-1355099300&config=1,1324,0,1
1777991096789,1310,Config 1,200,OK,Thread Group 1-2,text,false,"The operation lasted too long: It took 1,310 milliseconds, but should not have lasted longer than 870 milliseconds.",231,159,8,8,http://localhost:8080/?token=518477805&user=-1355099300&config=1,1310,0,0
1777991096936,1310,Config 1,200,OK,Thread Group 1-3,text,false,"The operation lasted too long: It took 1,310 milliseconds, but should not have lasted longer than 870 milliseconds.",231,159,8,8,http://localhost:8080/?token=518477805&user=-1355099300&config=1,1310,0,0
1777991097079,1310,Config 1,200,OK,Thread Group 1-4,text,false,"The operation lasted too long: It took 1,310 milliseconds, but should not have lasted longer than 870 milliseconds.",231,159,8,8,http://localhost:8080/?token=518477805&user=-1355099300&config=1,1310,0,0
1777991097224,1312,Config 1,200,OK,Thread Group 1-5,text,false,"The operation lasted too long: It took 1,312 milliseconds, but should not have lasted longer than 870 milliseconds.",231,159,8,8,http://localhost:8080/?token=518477805&user=-1355099300&config=1,1312,0,0
1777991097371,1312,Config 1,200,OK,Thread Group 1-6,text,false,"The operation lasted too long: It took 1,312 milliseconds, but should not have lasted longer than 870 milliseconds.",231,159,8,8,http://localhost:8080/?token=518477805&user=-1355099300&config=1,1312,0,0
1777991097507,1313,Config 1,200,OK,Thread Group 1-7,text,false,"The operation lasted too long: It took 1,313 milliseconds, but should not have lasted longer than 870 milliseconds.",231,159,8,8,http://localhost:8080/?token=518477805&user=-1355099300&config=1,1313,0,0
1777991097642,1328,Config 1,200,OK,Thread Group 1-8,text,false,"The operation lasted too long: It took 1,328 milliseconds, but should not have lasted longer than 870 milliseconds.",231,159,8,8,http://localhost:8080/?token=518477805&user=-1355099300&config=1,1327,0,1
1777991108649,912,Config 2,200,OK,Thread Group 1-1,text,false,"The operation lasted too long: It took 912 milliseconds, but should not have lasted longer than 870 milliseconds.",231,159,8,8,http://localhost:8080/?token=518477805&user=-1355099300&config=2,912,0,0
1777991108787,911,Config 2,200,OK,Thread Group 1-2,text,false,"The operation lasted too long: It took 911 milliseconds, but should not have lasted longer than 870 milliseconds.",231,159,8,8,http://localhost:8080/?token=518477805&user=-1355099300&config=2,911,0,0
1777991108935,910,Config 2,200,OK,Thread Group 1-3,text,false,"The operation lasted too long: It took 910 milliseconds, but should not have lasted longer than 870 milliseconds.",231,159,8,8,http://localhost:8080/?token=518477805&user=-1355099300&config=2,910,0,0
1777991109082,910,Config 2,200,OK,Thread Group 1-4,text,false,"The operation lasted too long: It took 910 milliseconds, but should not have lasted longer than 870 milliseconds.",231,159,8,8,http://localhost:8080/?token=518477805&user=-1355099300&config=2,910,0,0
1777991109224,911,Config 2,200,OK,Thread Group 1-5,text,false,"The operation lasted too long: It took 911 milliseconds, but should not have lasted longer than 870 milliseconds.",231,159,8,8,http://localhost:8080/?token=518477805&user=-1355099300&config=2,911,0,0
1777991109371,912,Config 2,200,OK,Thread Group 1-6,text,false,"The operation lasted too long: It took 912 milliseconds, but should not have lasted longer than 870 milliseconds.",231,159,8,8,http://localhost:8080/?token=518477805&user=-1355099300&config=2,912,0,0
1777991109510,913,Config 2,200,OK,Thread Group 1-7,text,false,"The operation lasted too long: It took 913 milliseconds, but should not have lasted longer than 870 milliseconds.",231,159,8,8,http://localhost:8080/?token=518477805&user=-1355099300&config=2,913,0,0
1777991109644,914,Config 2,200,OK,Thread Group 1-8,text,false,"The operation lasted too long: It took 914 milliseconds, but should not have lasted longer than 870 milliseconds.",231,159,8,8,http://localhost:8080/?token=518477805&user=-1355099300&config=2,914,0,0
1777991120652,509,Config 3,200,OK,Thread Group 1-1,text,true,,231,159,8,8,http://localhost:8080/?token=518477805&user=-1355099300&config=3,509,0,0
1777991120789,509,Config 3,200,OK,Thread Group 1-2,text,true,,231,159,7,7,http://localhost:8080/?token=518477805&user=-1355099300&config=3,509,0,0
1777991120937,510,Config 3,200,OK,Thread Group 1-3,text,true,,231,159,6,6,http://localhost:8080/?token=518477805&user=-1355099300&config=3,509,0,0
1777991121082,510,Config 3,200,OK,Thread Group 1-4,text,true,,231,159,5,5,http://localhost:8080/?token=518477805&user=-1355099300&config=3,510,0,0
1777991121223,510,Config 3,200,OK,Thread Group 1-5,text,true,,231,159,4,4,http://localhost:8080/?token=518477805&user=-1355099300&config=3,510,0,0
1777991121372,511,Config 3,200,OK,Thread Group 1-6,text,true,,231,159,3,3,http://localhost:8080/?token=518477805&user=-1355099300&config=3,511,0,0
1777991121512,511,Config 3,200,OK,Thread Group 1-7,text,true,,231,159,2,2,http://localhost:8080/?token=518477805&user=-1355099300&config=3,511,0,0
1777991121640,513,Config 3,200,OK,Thread Group 1-8,text,true,,231,159,1,1,http://localhost:8080/?token=518477805&user=-1355099300&config=3,513,0,0
